{
    "post_type": "booking",
    "args": {
        "labels": {
            "name": "Bookings",
            "singular_name": "Booking",
            "menu_name": "Bookings",
            "name_admin_bar": "Booking",
            "add_new": "Thêm Booking mới",
            "add_new_item": "Thêm Booking mới",
            "edit_item": "Chỉnh sửa Booking",
            "featured_image": "Ảnh Booking",
            "new_item": "Booking mới",
            "view_item": "Xem Booking",
            "search_items": "Tìm kiếm Booking",
            "not_found": "Không tìm thấy Booking nào",
            "not_found_in_trash": "Không tìm thấy Booking nào trong thùng rác",
            "all_items": "Tất cả Booking",
            "archives": "Lưu trữ Booking"
        },
        "public": false,
        "publicly_queryable": false,
        "show_ui": true,
        "show_in_menu": true,
        "query_var": true,
        "rewrite": {
            "slug": "booking"
        },
        "capability_type": "post",
        "show_in_rest": true,
        "show_in_nav_menus": false,
        "has_archive": false,
        "hierarchical": false,
        "menu_position": 6,
        "menu_icon": "dashicons-clipboard",
        "supports": [
            "title",
            "editor"
        ]
    }
}
