{
    "post_type": "tour",
    "args": {
        "labels": {
            "name": "Tour",
            "singular_name": "Tour",
            "menu_name": "Tours",
            "name_admin_bar": "Tour",
            "add_new": "Thêm Tour mới",
            "add_new_item": "Thêm Tour mới",
            "edit_item": "Chỉnh sửa Tour",
            "featured_image": "Ảnh Tour",
            "new_item": "Tour mới",
            "view_item": "Xem Tour",
            "search_items": "Tìm kiếm Tour",
            "not_found": "Không tìm thấy Tour nào",
            "not_found_in_trash": "Không tìm thấy Tour nào trong thùng rác",
            "all_items": "Tất cả Tour",
            "archives": "Lưu trữ Tour"
        },
        "public": true,
        "publicly_queryable": true,
        "show_ui": true,
        "show_in_menu": true,
        "query_var": true,
        "rewrite": {
            "slug": "tour"
        },
        "capability_type": "post",
        "show_in_rest": false,
        "show_in_nav_menus": false,
        "has_archive": true,
        "hierarchical": false,
        "menu_position": 5,
        "menu_icon": "dashicons-palmtree",
        "supports": [
            "title",
            "editor",
            "thumbnail",
            "excerpt",
            "comments"
        ]
    }
}
