{
    "key": "group_tour_fields",
    "title": "Tour Fields",
    "fields": [
        {
            "key": "field_tour_code",
            "label": "Tour Code",
            "name": "tour_code",
            "type": "text",
            "required": true,
            "wrapper": { "width": 20 }
        },
        {
            "key": "field_tour_featured_tour",
            "label": "Đánh dấu nổi bật",
            "name": "tour_featured_tour",
            "type": "true_false",
            "ui": true,
            "wrapper": { "width": 20 }
        },
        {
            "key": "field_tour_duration_days",
            "label": "Số ngày",
            "name": "tour_duration_days",
            "type": "number",
            "min": 1,
            "max": 60,
            "required": true
        },
        {
            "key": "field_tour_duration_nights",
            "label": "Số đêm của tour",
            "name": "tour_duration_night",
            "type": "number",
            "min": 1,
            "max": 60,
            "required": true
        },
        {
            "key": "field_tour_gallery",
            "label": "Danh sách hình ảnh",
            "name": "tour_gallery",
            "type": "gallery",
            "required": true
        }
    ],
    "location": [
        [
            {
                "param": "post_type",
                "operator": "==",
                "value": "tour"
            }
        ]
    ]
}
